mtxname,k,bands,r,genPairs_time,HC_time,Format_Conversion_time,LeSpGEMM_VLength_time,mixed_acc,error
piston,96,16,6,53.528,6.84,7.618,0.450802,dense clusters: 480 / 498 (96.3855%),
ford1,192,64,3,136.254,44.682,23.696,0.740933,dense clusters: 168 / 2412 (6.96517%),
c-41,192,64,3,158.944,39.945,16.612,3.58071,dense clusters: 4 / 4209 (0.0950344%),
mhd4800a,224,56,4,87.399,21.927,7.7,0.316167,dense clusters: 538 / 538 (100%),
cz10228,192,64,3,91.196,31.396,16.518,0.362992,dense clusters: 1473 / 1629 (90.4236%),
shuttle_eddy_id_763,192,64,3,95.228,34.881,15.44,0.451517,dense clusters: 596 / 1199 (49.7081%),
shuttle_eddy_id_881,160,40,4,59.441,23.311,16.915,0.425553,dense clusters: 602 / 1335 (45.0936%),
wiki-Vote,192,64,3,339.657,46.686,27.498,3.83801,dense clusters: 207 / 1682 (12.3068%),
nasa4704_id_760,256,64,4,82.952,17.285,9.723,0.532818,dense clusters: 204 / 533 (38.2739%),
nasa4704_id_365,256,64,4,76.247,17.439,9.769,0.541401,dense clusters: 204 / 533 (38.2739%),
crystm01,224,56,4,48.55,16.488,14.751,0.626254,dense clusters: 142 / 572 (24.8252%),
rajat09,192,64,3,163.801,39.531,23.3,0.595331,dense clusters: 565 / 3171 (17.8177%),
as-caida,192,48,4,3370.57,724.172,28.553,47.4707,dense clusters: 430 / 6715 (6.40357%),
mark3jac040sc,192,64,3,158.416,44.759,30.661,0.896096,dense clusters: 329 / 3619 (9.09091%),
mark3jac040,192,64,3,156.634,45.506,30.405,1.01891,dense clusters: 329 / 3619 (9.09091%),
barth5_id_867,256,64,4,122.645,40.295,21.822,0.535131,dense clusters: 384 / 1890 (20.3175%),
g7jac040,192,64,3,151.155,32.152,18.258,0.916839,dense clusters: 157 / 2780 (5.64748%),
g7jac040sc,192,64,3,144.072,33.193,17.764,0.920129,dense clusters: 157 / 2780 (5.64748%),
vsp_p0291_seymourl_iiasa,96,16,6,48.936,5.044,43.132,6.20687,dense clusters: 111 / 8281 (1.34042%),
windtunnel_evap2d,192,64,3,211.012,70.444,26.765,3.00202,dense clusters: 0 / 916 (0%),
bloweybl,256,64,4,176.621,45.77,38.449,106.311,dense clusters: 1956 / 15148 (12.9126%),
c-42,192,64,3,388.697,241.034,16.915,8.70788,dense clusters: 169 / 4336 (3.8976%),
vsp_data_and_seymourl,192,32,6,62.062,3.629,47.652,7.16341,dense clusters: 62 / 8233 (0.753067%),
jan99jac060sc,96,32,3,180.415,99.449,25.185,1.18034,dense clusters: 931 / 5379 (17.308%),
jan99jac060,96,32,3,184.571,99.319,25.265,1.194,dense clusters: 931 / 5379 (17.308%),
CurlCurl_0,192,64,3,84.712,48.076,25.633,0.754094,dense clusters: 0 / 1335 (0%),
cvxqp3,96,16,6,48.975,6.503,58.43,2.26495,dense clusters: 0 / 16967 (0%),
de2010,192,64,3,161.863,59.338,32.981,1.02518,dense clusters: 1 / 3932 (0.0254323%),
c-39,192,64,3,314.702,52.329,16.958,4.75008,dense clusters: 37 / 3521 (1.05084%),
bcsstk15,96,32,3,45.907,21.304,14.985,0.969958,dense clusters: 252 / 510 (49.4118%),
foldoc,160,40,4,78.704,12.723,31.066,1.56617,dense clusters: 0 / 5073 (0%),
bodyy4,192,48,4,93.489,36.577,25.352,0.597358,dense clusters: 23 / 2519 (0.913061%),
c-43,192,64,3,657.821,361.733,24.147,14.4037,dense clusters: 340 / 5243 (6.48484%),
hi2010,192,64,3,165.947,65.783,33.505,1.09689,dense clusters: 6 / 4165 (0.144058%),
vsp_c-30_data_data,224,56,4,431.235,275.201,20.972,7.65259,dense clusters: 295 / 3777 (7.81043%),
indianpines_10NN,192,64,3,77.936,35.386,26.865,1.17497,dense clusters: 20 / 1322 (1.51286%),
aft01,192,64,3,103.285,35.91,14.324,0.648284,dense clusters: 292 / 947 (30.8342%),
ri2010,192,64,3,158.778,64.12,35.098,1.11976,dense clusters: 2 / 4168 (0.0479846%),
aug3dcqp,96,16,6,74.938,14.227,58.713,1.315,dense clusters: 0 / 35277 (0%),
bodyy5,96,32,3,93.538,48.556,26.501,0.580859,dense clusters: 33 / 2226 (1.48248%),
rajat10,96,32,3,149.069,39.734,30.684,0.716972,dense clusters: 518 / 4741 (10.926%),
raefsky6,256,64,4,74.574,13.786,10.317,0.546145,dense clusters: 352 / 440 (80%),
c-46,96,32,3,538.418,295.776,30.023,12.9212,dense clusters: 286 / 7573 (3.77657%),
igbt3,96,32,3,147.665,48.878,22.085,1.08788,dense clusters: 0 / 1275 (0%),
JapaneseVowelsSmall_10NN,192,64,3,84.132,34.332,30.743,1.55461,dense clusters: 0 / 1523 (0%),
cavity23,256,64,4,83.732,26.164,11.605,0.648332,dense clusters: 867 / 898 (96.5479%),
cavity25,96,32,3,71.304,28.268,10.772,0.844789,dense clusters: 792 / 813 (97.417%),
cavity17,192,64,3,118.429,32.734,9.698,0.734639,dense clusters: 796 / 815 (97.6687%),
cavity21,256,64,4,88.511,26.614,11.99,0.550675,dense clusters: 867 / 898 (96.5479%),
cavity19,192,64,3,112.312,32.721,9.657,0.549889,dense clusters: 796 / 815 (97.6687%),
Wordnet3,192,64,3,5385.01,838.735,28.411,1.78688,dense clusters: 5043 / 17942 (28.1072%),
bodyy6,256,64,4,120.165,45.236,28.249,0.654817,dense clusters: 42 / 2518 (1.66799%),
mycielskian11,192,64,3,80.949,61.357,15.17,2.29983,dense clusters: 158 / 158 (100%),
ACTIVSg10K,192,64,3,210.868,46.145,17.802,0.54605,dense clusters: 0 / 2653 (0%),
cavity16,256,64,4,97.464,28.102,10.94,0.566006,dense clusters: 517 / 565 (91.5044%),
cavity26,192,64,3,130.461,36.092,9.597,0.547051,dense clusters: 465 / 510 (91.1765%),
cavity24,224,56,4,90.745,27.741,11.113,0.556803,dense clusters: 509 / 559 (91.0555%),
cavity22,256,64,4,97.364,27.798,10.892,0.597644,dense clusters: 517 / 565 (91.5044%),
cavity20,192,48,4,90.175,27.923,11.071,0.58589,dense clusters: 514 / 563 (91.2966%),
cavity18,192,32,6,48.004,17.218,13.594,0.621557,dense clusters: 521 / 568 (91.7254%),
rail_20209,192,64,3,147.744,69.047,26.894,0.663495,dense clusters: 130 / 2411 (5.39195%),
cca,32,8,4,61.5,21.704,66.176,1.1369,dense clusters: 1958 / 47312 (4.13848%),
stokes64s,192,64,3,93.977,53.649,29.964,1.32174,dense clusters: 0 / 1476 (0%),
stokes64,192,64,3,98.942,53.945,29.93,1.25747,dense clusters: 0 / 1476 (0%),
OPF_3754,192,64,3,189.914,44.692,15.941,0.57714,dense clusters: 0 / 2416 (0%),
shock-9,192,64,3,205.114,82.53,36.702,0.767231,dense clusters: 1 / 4236 (0.0236072%),
ted_B_unscaled,160,40,4,126.915,23.89,14.638,0.745559,dense clusters: 5020 / 5020 (100%),
ted_B,96,24,4,88.932,20.991,14.745,0.781608,dense clusters: 5036 / 5036 (100%),
juba40k,192,64,3,255.235,56.057,33.463,1.08693,dense clusters: 5417 / 11278 (48.0316%),
bauru5727,192,64,3,272.285,55.797,32.635,1.09267,dense clusters: 5481 / 11333 (48.3632%),
shermanACb,64,16,4,116.08,133.263,31.237,2.75044,dense clusters: 114 / 6492 (1.75601%),
g7jac050sc,192,64,3,193.129,48.152,21.604,1.33579,dense clusters: 197 / 3490 (5.6447%),
mnist_test_norm_10NN,96,32,3,50.727,23.902,45.348,2.53112,dense clusters: 0 / 2891 (0%),
ccc,32,8,4,60.18,20.921,69.831,1.08898,dense clusters: 0 / 47885 (0%),
p2p-Gnutella31,192,32,6,3632.71,273.154,55.493,2.40111,dense clusters: 232 / 21872 (1.06072%),
case9,224,56,4,144.848,67.417,23.857,36.827,dense clusters: 973 / 5469 (17.7912%),
TSOPF_FS_b9_c6,224,56,4,145.147,67.287,24.121,36.6639,dense clusters: 973 / 5469 (17.7912%),
bcsstk18,192,64,3,132.384,41.169,23.369,1.14651,dense clusters: 798 / 2405 (33.1809%),
hangGlider_4,96,32,3,118.696,60.592,26.058,137.193,dense clusters: 1746 / 1958 (89.1726%),
pds10,192,64,3,130.633,58.36,42.003,1.91629,dense clusters: 10 / 2861 (0.349528%),
bloweya,96,16,6,73.359,12.019,59.617,151.453,dense clusters: 9259 / 26717 (34.6558%),
cage10,192,64,3,83.702,28.847,50.453,2.94759,dense clusters: 6 / 2048 (0.292969%),
wing_nodal,192,64,3,91.776,59.817,35.867,1.39554,dense clusters: 0 / 1302 (0%),
jan99jac080,224,56,4,229.055,102.638,35.919,1.72544,dense clusters: 1828 / 9874 (18.5133%),
jan99jac080sc,256,64,4,237.02,107.269,35.791,1.7565,dense clusters: 1716 / 9435 (18.1876%),
har_10NN,192,64,3,78.896,34.236,43.243,2.9067,dense clusters: 15 / 2146 (0.698975%),
lhr07,256,64,4,241.284,21.435,17.236,1.0278,dense clusters: 35 / 2725 (1.2844%),
hangGlider_5,224,56,4,120.452,33.559,31.525,143.001,dense clusters: 2107 / 2390 (88.159%),
vt2010,192,64,3,211.711,83.302,45.191,1.2989,dense clusters: 4 / 5611 (0.0712885%),
lhr07c,192,64,3,246.871,32.164,15.692,0.959826,dense clusters: 13 / 1425 (0.912281%),
kmnist_norm_10NN,192,32,6,49.6,4.417,64.686,5.05862,dense clusters: 3 / 9162 (0.0327439%),
c-49,160,32,5,97.64,15.512,43.197,5.60899,dense clusters: 1 / 13547 (0.00738171%),
Fashion_MNIST_norm_10NN,192,64,3,87.915,41.104,45.495,3.8481,dense clusters: 0 / 1693 (0%),
hvdc1,192,64,3,268.789,55.059,20.738,0.877476,dense clusters: 100 / 3384 (2.95508%),
bcsstk24,192,64,3,145.012,34.624,8.492,0.580287,dense clusters: 107 / 314 (34.0764%),
lock3491,160,32,5,70.6,10.325,9.748,0.71013,dense clusters: 243 / 373 (65.1475%),
mark3jac060sc,96,32,3,162.279,52.013,47.142,1.35262,dense clusters: 567 / 8075 (7.02167%),
mark3jac060,96,32,3,159.95,53.038,48.417,1.36108,dense clusters: 567 / 8075 (7.02167%),
lowThrust_4,256,64,4,111.32,32.881,33.968,21.7521,dense clusters: 553 / 2880 (19.2014%),
c-48,128,32,4,108.355,31.29,38.32,6.26509,dense clusters: 1 / 9577 (0.0104417%),
Zhao2,96,16,6,77.403,14.325,67.367,1.17931,dense clusters: 0 / 31415 (0%),
Zhao1,96,16,6,74.33,14.585,67.542,1.1879,dense clusters: 0 / 31415 (0%),
raefsky5,224,56,4,119.571,24.762,11.356,0.361705,dense clusters: 347 / 718 (48.3287%),
Muu,224,56,4,130.965,26.28,17.929,1.08581,dense clusters: 3 / 855 (0.350877%),
SiH4,256,64,4,77.431,14.647,54.391,5.68097,dense clusters: 398 / 2127 (18.7118%),
bratu3d,32,8,4,38.605,10.869,73.532,1.35555,dense clusters: 284 / 26610 (1.06727%),
nasa2910_id_364,224,56,4,81.644,22.45,14.278,1.2346,dense clusters: 325 / 359 (90.5292%),
nasa2910_id_759,64,16,4,37.174,14.696,14.961,1.12741,dense clusters: 337 / 373 (90.3485%),
c-45,192,64,3,1228.05,689.005,31.345,24.9123,dense clusters: 665 / 6267 (10.6111%),
epb2,192,64,3,221.853,82.622,31.389,0.804615,dense clusters: 23 / 2890 (0.795848%),
t2dah_e,160,32,5,64.288,31.631,24.389,0.930285,dense clusters: 770 / 1352 (56.9527%),
t2dah_a,192,64,3,138.481,48.329,20.967,0.814414,dense clusters: 748 / 1231 (60.7636%),
t2dah,96,32,3,90.203,42.217,22.283,0.819707,dense clusters: 767 / 1265 (60.6324%),
wang3,192,32,6,113.804,9.604,66.992,1.1986,dense clusters: 0 / 25894 (0%),
wang4,160,32,5,108.681,9.824,72.857,1.37947,dense clusters: 0 / 25202 (0%),
dictionary28,192,64,3,2044.57,144.309,47.933,3.51779,dense clusters: 6596 / 17222 (38.2998%),
t60k,192,64,3,409.768,68.296,64.471,1.16463,dense clusters: 585 / 17623 (3.31953%),
brainpc2,96,32,3,467.542,374.371,34.314,161.076,dense clusters: 1702 / 9085 (18.7342%),
c-50,192,64,3,398.945,138.653,32.032,12.4131,dense clusters: 13 / 8037 (0.161752%),
Goodwin_023,224,56,4,103.317,36.707,17.074,0.754738,dense clusters: 1021 / 1066 (95.7786%),
g7jac060,96,32,3,156.466,49.3,29.733,1.7833,dense clusters: 309 / 5628 (5.49041%),
g7jac060sc,224,56,4,181.582,37.255,32.995,1.71018,dense clusters: 427 / 7848 (5.44088%),
ca-CondMat,96,16,6,63.294,14.781,65.514,6.82299,dense clusters: 613 / 16707 (3.66912%),
wiki-RfA,192,64,3,268.18,67.145,55.733,12.9361,dense clusters: 295 / 2337 (12.623%),
jan99jac100,128,32,4,196.445,94.271,56.147,2.20871,dense clusters: 2984 / 15232 (19.5903%),
jan99jac100sc,128,32,4,195.528,94.818,56.205,2.21326,dense clusters: 2984 / 15232 (19.5903%),
Ill_Stokes,192,64,3,126.36,51.111,49.139,1.69072,dense clusters: 0 / 3007 (0%),
mult_dcop_03,96,32,3,417.846,266.947,31.113,387.275,dense clusters: 3248 / 3483 (93.2529%),
mult_dcop_02,96,32,3,428.224,267.545,31.15,83.9871,dense clusters: 3244 / 3479 (93.2452%),
mult_dcop_01,96,32,3,417.875,267.438,31.14,401.23,dense clusters: 3244 / 3479 (93.2452%),
rajat22,96,32,3,266.672,161.105,39.636,28.6866,dense clusters: 450 / 8194 (5.49182%),
CAG_mat1916,224,56,4,196.88,73.194,13.414,1.99692,dense clusters: 165 / 207 (79.7101%),
vsp_befref_fxm_2_4_air02,192,64,3,1805.53,1516.51,59.539,76.1466,dense clusters: 756 / 3440 (21.9767%),
skirt_id_764,224,56,4,117.318,42.416,28.201,1.00586,dense clusters: 121 / 1541 (7.85204%),
skirt_id_882,224,56,4,115.965,42.765,28.272,1.08931,dense clusters: 121 / 1541 (7.85204%),
delaunay_n15,192,64,3,193.166,87.409,55.192,1.27642,dense clusters: 1 / 5099 (0.0196117%),
bfly,192,64,3,275.075,81.845,55.765,2.0118,dense clusters: 0 / 7617 (0%),
torsion1,192,64,3,234.118,88.451,51.598,0.797248,dense clusters: 4 / 5390 (0.0742115%),
obstclae,96,32,3,157.403,58.643,53.701,0.844884,dense clusters: 4 / 8433 (0.0474327%),
lowThrust_5,256,64,4,122.608,37.822,42.103,33.3372,dense clusters: 701 / 3464 (20.2367%),
SiNa,192,64,3,102.579,41.515,54.537,7.3698,dense clusters: 572 / 842 (67.9335%),
jnlbrng1,192,64,3,226.646,89.385,48.965,0.826812,dense clusters: 0 / 5339 (0%),
chem_master1,96,32,3,172.497,60.702,57.743,0.794959,dense clusters: 0 / 8517 (0%),
c-52,224,56,4,161.763,43.505,45.499,8.3122,dense clusters: 1 / 10728 (0.0093214%),
c-51,224,56,4,150.518,41.686,46.552,9.3971,dense clusters: 1 / 10380 (0.00963391%),
vsp_barth5_1Ksep_50in_5Kout,192,64,3,187.133,80.072,65.684,2.80921,dense clusters: 0 / 6373 (0%),
minsurfo,192,64,3,219.977,85.236,56.881,0.836182,dense clusters: 2 / 6082 (0.0328839%),
mario001,192,64,3,274.196,96.336,46.139,1.05853,dense clusters: 0 / 4367 (0%),
TSOPF_RS_b162_c1,192,64,3,294.977,46.467,13.757,0.885034,dense clusters: 38 / 994 (3.82294%),
cz20468,192,64,3,176.962,66.102,32.922,0.699878,dense clusters: 2934 / 3299 (88.936%),
2D_27628_bjtcai,224,56,4,340.979,55.916,59.031,1.63901,dense clusters: 115 / 4809 (2.39135%),
s3rmt3m3,192,64,3,190.357,44.21,11.068,0.681114,dense clusters: 228 / 500 (45.6%),
internet,192,64,3,8864.9,323.104,41.501,2.61638,dense clusters: 14875 / 56010 (26.5578%),
coater2,192,64,3,115.69,56.336,40.749,1.8012,dense clusters: 1116 / 1294 (86.2442%),
lowThrust_6,192,64,3,169.1,78.927,38.873,36.9877,dense clusters: 662 / 2752 (24.0552%),
g3rmt3m3,224,56,4,146.245,28.933,11.234,0.747061,dense clusters: 251 / 543 (46.2247%),
copter1,192,64,3,134.074,90.698,50.371,2.17681,dense clusters: 0 / 2084 (0%),
c-47,192,64,3,340.066,145.689,30.581,15.9624,dense clusters: 293 / 5890 (4.97453%),
lowThrust_7,224,56,4,135.437,51.855,43.887,38.053,dense clusters: 740 / 3905 (18.9501%),
mark3jac080sc,192,64,3,310.12,96.538,62.485,1.7664,dense clusters: 616 / 7263 (8.48134%),
mark3jac080,192,64,3,314.649,96.614,62.766,1.66831,dense clusters: 616 / 7263 (8.48134%),
lowThrust_8,160,40,4,104.195,35.198,50.369,40.2981,dense clusters: 802 / 4351 (18.4325%),
ak2010,224,56,4,333.227,87.457,69.43,2.89991,dense clusters: 199 / 15017 (1.32516%),
s1rmt3m1,192,64,3,189.063,45.017,11.605,0.640655,dense clusters: 427 / 518 (82.4324%),
s3rmt3m1,224,56,4,136.163,29.499,12.206,0.678611,dense clusters: 457 / 550 (83.0909%),
s2rmt3m1,192,64,3,189.869,45.97,11.663,0.630307,dense clusters: 427 / 518 (82.4324%),
ABACUS_shell_ud,96,32,3,137.446,80.226,38.563,0.960898,dense clusters: 97 / 2680 (3.6194%),
bcsstk28,128,32,4,95.655,23.518,12.607,0.719428,dense clusters: 345 / 410 (84.1463%),
lowThrust_9,224,56,4,129.554,44.463,51.096,41.4585,dense clusters: 757 / 4032 (18.7748%),
lowThrust_10,192,48,4,122.542,44.913,49.275,39.3212,dense clusters: 786 / 4188 (18.7679%),
onetone2,96,32,3,203.393,67.536,42.73,1.29035,dense clusters: 3 / 8563 (0.0350345%),
lowThrust_11,224,56,4,142.078,56.054,45.909,44.5337,dense clusters: 778 / 4063 (19.1484%),
lowThrust_12,192,64,3,192.184,84.793,39.697,48.196,dense clusters: 710 / 3036 (23.386%),
lowThrust_13,192,64,3,192.656,97.934,38.013,47.4672,dense clusters: 713 / 2919 (24.4262%),
man_5976,192,48,4,122.762,32.653,14.313,0.985479,dense clusters: 339 / 621 (54.5894%),
ex35,192,48,4,136.114,51.899,35.263,0.973439,dense clusters: 174 / 2873 (6.05639%),
lhr10,96,32,3,205.551,39.41,23.748,1.59991,dense clusters: 23 / 2845 (0.808436%),
jan99jac120,192,64,3,589.83,322.16,53.541,2.8049,dense clusters: 1121 / 7813 (14.3479%),
jan99jac120sc,192,64,3,595.828,328.657,53.416,2.59321,dense clusters: 1121 / 7813 (14.3479%),
spmsrtls,160,40,4,216.901,56.739,23.996,0.305176,dense clusters: 3539 / 3539 (100%),
lhr11,256,64,4,361.207,33.879,25.424,1.43619,dense clusters: 30 / 4079 (0.735474%),
lhr10c,192,64,3,360.171,49.763,22.539,1.50094,dense clusters: 12 / 2046 (0.58651%),
lhr11c,96,32,3,287.602,40.317,24.042,1.41187,dense clusters: 16 / 2958 (0.540906%),
nh2010,96,32,3,220.119,92.877,75.551,2.22297,dense clusters: 0 / 11601 (0%),
ca-HepPh,96,32,3,196.592,50.599,37.76,9.65784,dense clusters: 422 / 3437 (12.2781%),
nmos3,96,32,3,236.861,89.533,41.396,1.82076,dense clusters: 0 / 2212 (0%),
struct4,128,32,4,35.567,21.336,36.958,2.79434,dense clusters: 654 / 670 (97.6119%),
ACTIVSg70K,96,32,3,272.372,98.753,50.82,1.4219,dense clusters: 499 / 12851 (3.88297%),
luxembourg_osm,192,64,3,657.161,121.956,80.545,2.03972,dense clusters: 18706 / 32917 (56.8278%),
sx-mathoverflow,160,32,5,551.03,61.816,102.176,50.7458,dense clusters: 4700 / 14684 (32.0076%),
cond-mat-2003,192,32,6,182.956,25.941,77.222,7.05631,dense clusters: 1485 / 19293 (7.69709%),
worms20_10NN,96,32,3,139.198,65.456,36.941,1.14458,dense clusters: 79 / 2769 (2.85302%),
astro-ph,256,64,4,286.797,43.772,51.93,9.71339,dense clusters: 576 / 5144 (11.1975%),
benzene,96,16,6,26.809,4.57,109.268,8.85582,dense clusters: 1 / 8131 (0.0122986%),
wing,192,32,6,258.126,25.142,98.304,3.01058,dense clusters: 0 / 60390 (0%),
rajat26,192,64,3,615.436,390.708,52.454,32.5879,dense clusters: 405 / 8749 (4.6291%),
bcsstk25,192,64,3,173.326,66.111,37.543,1.72961,dense clusters: 801 / 1968 (40.7012%),
TSOPF_RS_b39_c7,96,32,3,220.474,92.986,26.418,1.80936,dense clusters: 16 / 4274 (0.374357%),
Dubcova1,192,64,3,205.13,77.006,31.797,1.61142,dense clusters: 0 / 1839 (0%),
tandem_vtx,192,64,3,162.691,107.828,54.342,2.0201,dense clusters: 0 / 2071 (0%),
a5esindl,192,32,6,242.106,26.117,90.404,265.042,dense clusters: 9708 / 46321 (20.9581%),
ex19,96,32,3,129.97,59.224,29.442,1.32895,dense clusters: 951 / 1809 (52.5705%),
g7jac080,192,64,3,319.918,81.194,27.52,2.2958,dense clusters: 314 / 5619 (5.58818%),
g7jac080sc,192,64,3,325.549,91.163,39.025,2.57709,dense clusters: 314 / 5619 (5.58818%),
airfoil_2d,192,48,4,125.108,67.002,38.766,1.52702,dense clusters: 1612 / 2157 (74.7334%),
s1rmq4m1,256,64,4,191.379,34.202,15.325,0.820613,dense clusters: 455 / 513 (88.694%),
s3rmq4m1,192,64,3,219.373,57.462,14.701,1.05584,dense clusters: 444 / 502 (88.4462%),
s2rmq4m1,256,64,4,172.302,34.292,16.747,1.13962,dense clusters: 455 / 513 (88.694%),
mark3jac100sc,256,64,4,358.929,64.767,88.505,2.51577,dense clusters: 1195 / 19559 (6.10972%),
mark3jac100,256,64,4,359.624,62.755,86.017,2.50893,dense clusters: 1195 / 19559 (6.10972%),
OPF_6000,192,64,3,351.198,90.918,32.579,1.23627,dense clusters: 2 / 5111 (0.0391313%),
bayer01,256,64,4,443.841,65.005,83.882,2.05102,dense clusters: 957 / 30498 (3.13791%),
enron,192,32,6,5074.78,416.828,79.089,24.0887,dense clusters: 466 / 14799 (3.14886%),
cegb2802,256,64,4,223.27,39.696,13.921,2.10879,dense clusters: 283 / 297 (95.2862%),
chipcool1,192,48,4,118.849,79.628,67.78,2.48659,dense clusters: 0 / 2823 (0%),
chipcool0,256,64,4,137.393,92.651,67.642,2.47538,dense clusters: 0 / 2607 (0%),
vsp_sctap1-2b_and_seymourl,32,8,4,106.404,68.802,117.479,54.0651,dense clusters: 10 / 34006 (0.0294066%),
sinc12,96,24,4,172.462,39.369,46.953,11.8564,dense clusters: 967 / 1260 (76.746%),
3D_28984_Tetra,96,16,6,115.277,16.205,95.267,10.9025,dense clusters: 2 / 9622 (0.0207857%),
t520,256,64,4,193.017,36.558,14.631,1.08092,dense clusters: 497 / 497 (100%),
bcsstk16,192,48,4,98.402,29.499,20.241,1.68293,dense clusters: 559 / 559 (100%),
raefsky1,192,48,4,86.584,25.542,21.931,2.38335,dense clusters: 402 / 402 (100%),
raefsky2,192,64,3,151.695,55.917,19.416,2.28505,dense clusters: 398 / 398 (100%),
EX6,192,64,3,44.996,44.545,133.43,16.5077,dense clusters: 828 / 1458 (56.7901%),
EX5,224,56,4,41.263,3.848,129.211,19.1181,dense clusters: 819 / 5508 (14.8693%),
Reuters911,32,8,4,28.478,8.028,128.01,70.4879,dense clusters: 3769 / 11428 (32.9804%),
finance256,192,48,4,188.478,68.852,82.223,4.92477,dense clusters: 1206 / 7786 (15.4893%),
c-60,192,64,3,326.389,134.949,66.451,12.2797,dense clusters: 1 / 12888 (0.00775916%),
dixmaanl,96,32,3,256.682,98.09,52.728,0.742221,dense clusters: 0 / 7521 (0%),
vibrobox,160,40,4,87.028,66.255,61.06,6.88772,dense clusters: 11 / 1618 (0.679852%),
Na5,192,64,3,339.246,58.082,57.868,9.8043,dense clusters: 624 / 857 (72.8121%),
lhr14,192,64,3,495.785,68.879,31.056,1.85108,dense clusters: 12 / 2674 (0.448766%),
circuit_4,192,64,3,1331.77,937.077,51.128,227.853,dense clusters: 13222 / 24373 (54.2486%),
lhr14c,96,32,3,266.034,53.395,32.874,1.775,dense clusters: 25 / 3761 (0.664717%),
c-61,96,32,3,218.086,98.522,74.893,16.2391,dense clusters: 1 / 14693 (0.00680596%),
Goodwin_030,192,64,3,251.655,89.333,24.975,1.78142,dense clusters: 1017 / 1548 (65.6977%),
crystk01,96,32,3,104.655,43.212,19.583,1.98898,dense clusters: 463 / 463 (100%),
rgg_n_2_15_s0,96,32,3,206.022,96.756,48.426,2.12102,dense clusters: 4 / 5304 (0.0754148%),
bcsstm36,160,32,5,816.965,94.148,29.246,1.61407,dense clusters: 272 / 3026 (8.98876%),
cegb2919,96,32,3,150.211,58.082,16.997,3.27001,dense clusters: 305 / 315 (96.8254%),
mark3jac120,96,24,4,203.7,52.089,114.525,3.26002,dense clusters: 1932 / 34302 (5.63232%),
mark3jac120sc,224,56,4,388.468,73.068,106.457,3.66809,dense clusters: 1502 / 24892 (6.03407%),
crystm02,160,40,4,91.146,55.376,50.624,2.16892,dense clusters: 0 / 1692 (0%),
usroads-48,192,64,3,693.7,199.331,116.153,2.71015,dense clusters: 369 / 25974 (1.42065%),
goodwin,160,40,4,120.985,54.434,29.062,1.74181,dense clusters: 727 / 1032 (70.4457%),
EAT_SR,32,8,4,278.829,82.671,135.462,21.8897,dense clusters: 0 / 9985 (0%),
EAT_RS,160,32,5,133.599,13.366,148.073,24.2378,dense clusters: 337 / 18686 (1.80349%),
pwt_id_880,160,40,4,180.159,83.084,50.621,1.61195,dense clusters: 715 / 4649 (15.3797%),
pwt_id_762,160,40,4,186.03,102.249,64.464,1.51851,dense clusters: 715 / 4649 (15.3797%),
pwt_id_1273,192,48,4,203.251,106.285,65.588,1.64173,dense clusters: 682 / 4508 (15.1287%),
fe_body,224,56,4,286.388,71.393,90.771,2.3864,dense clusters: 3233 / 11740 (27.5383%),
shallow_water2,192,64,3,463.141,195.656,94.47,2.42591,dense clusters: 4244 / 10133 (41.883%),
shallow_water1,32,8,4,97.396,36.112,142.013,2.476,dense clusters: 32755 / 72354 (45.2705%),
lpl1,192,64,3,449.682,320.126,76.82,10.7348,dense clusters: 1 / 4137 (0.0241721%),
inlet,192,32,6,94.694,28.784,35.364,1.24891,dense clusters: 1816 / 1821 (99.7254%),
shyy161,32,8,4,93.772,34.156,146.837,2.38039,dense clusters: 154 / 71211 (0.216259%),
usroads,192,64,3,724.665,205.104,121.833,2.77219,dense clusters: 605 / 26924 (2.24707%),
ckt11752_tr_0,96,32,3,359.546,215.503,68.22,21.5235,dense clusters: 167 / 9777 (1.70809%),
ckt11752_dc_1,256,64,4,478.965,171.768,73.308,20.4242,dense clusters: 167 / 12131 (1.37664%),
graham1,96,32,3,151.689,69.183,29.755,2.32761,dense clusters: 551 / 1401 (39.3291%),
me2010,192,64,3,479.395,194.215,103.275,3.4157,dense clusters: 2 / 12047 (0.0166016%),
onetone1,96,32,3,238.375,113.926,52.567,2.67375,dense clusters: 2 / 8676 (0.0230521%),
g7jac100,256,64,4,325.127,70.787,61.863,3.4534,dense clusters: 701 / 12518 (5.59994%),
g7jac100sc,256,64,4,321.987,71.075,62.561,3.54283,dense clusters: 701 / 12518 (5.59994%),
ct2010,192,64,3,444.437,161.8,80.098,3.34506,dense clusters: 0 / 11371 (0%),
Kuu,96,32,3,176.221,57.15,15.563,1.56999,dense clusters: 471 / 857 (54.9592%),
gyro_m,192,48,4,164.572,85.496,48.83,2.28531,dense clusters: 88 / 2148 (4.09683%),
HEP-th,192,64,3,651.106,202.319,84.789,10.3711,dense clusters: 190 / 5308 (3.5795%),
a2nnsnsl,96,16,6,164.783,35.228,127.998,310.378,dense clusters: 7 / 66995 (0.0104485%),
cvxbqp1,96,32,3,240.887,137.518,62.82,2.85363,dense clusters: 0 / 6202 (0%),
ncvxbqp1,192,64,3,376.901,200.213,76.77,3.15573,dense clusters: 0 / 5815 (0%),
cond-mat-2005,192,64,3,448.881,135.979,91.286,12.687,dense clusters: 1216 / 8433 (14.4195%),
poisson3Da,96,32,3,117.91,127.15,70.11,6.1404,dense clusters: 0 / 1524 (0%),
cit-HepTh,192,64,3,641.536,202.603,87.839,11.2587,dense clusters: 202 / 5471 (3.6922%),
HEP-th-new,192,64,3,631.422,202.302,87.416,11.1971,dense clusters: 202 / 5471 (3.6922%),
a0nsdsil,192,32,6,319.451,35.551,123.978,282.868,dense clusters: 11 / 62794 (0.0175176%),
c-53,192,64,3,1682.78,1010.72,49.475,70.776,dense clusters: 586 / 14180 (4.13258%),
bcsstk38,192,48,4,253.853,42.932,23.302,1.71311,dense clusters: 560 / 873 (64.1466%),
c-65,192,64,3,396.294,135.923,58.964,21.2217,dense clusters: 1 / 14993 (0.00666978%),
email-Enron,160,32,5,1264.95,218.915,125.826,68.8101,dense clusters: 3243 / 17032 (19.0406%),
garon2,192,48,4,190.355,74.409,41.644,1.85254,dense clusters: 0 / 1520 (0%),
bcircuit,192,64,3,555.311,171.182,89.377,2.97279,dense clusters: 9 / 9529 (0.0944485%),
mark3jac140sc,224,56,4,410.862,87.562,126.829,3.98903,dense clusters: 1746 / 29083 (6.00351%),
mark3jac140,256,64,4,512.245,91.497,123.556,4.07133,dense clusters: 1660 / 27452 (6.04692%),
k3plates,160,40,4,198.774,50.333,29.589,1.72274,dense clusters: 769 / 1307 (58.837%),
lhr17,160,40,4,392.521,48.394,45.51,2.30739,dense clusters: 41 / 8062 (0.508559%),
vsp_south31_slptsk,192,64,3,3095.4,1573.37,106.074,425.291,dense clusters: 2900 / 9231 (31.4159%),
vsp_model1_crew1_cr42_south31,192,64,3,3181.37,1699.88,129.929,472.664,dense clusters: 2924 / 10917 (26.7839%),
c-56,192,64,3,1071.73,689.386,82.33,20.9091,dense clusters: 1 / 14798 (0.00675767%),
ecl32,192,32,6,228.968,21.895,177.853,6.12736,dense clusters: 9658 / 51166 (18.8758%),
viscoplastic2,192,64,3,524.477,275.079,91.484,9.19299,dense clusters: 0 / 4352 (0%),
lhr17c,224,56,4,526.512,53.087,51.426,2.21577,dense clusters: 36 / 7109 (0.5064%),
c-54,192,64,3,1272.1,462.678,68.068,23.4409,dense clusters: 4 / 13850 (0.0288809%),
delaunay_n16,192,64,3,388.671,185.475,126.867,3.08239,dense clusters: 5 / 10010 (0.04995%),
nemeth02,192,48,4,240.251,84.694,28.725,1.27752,dense clusters: 1048 / 1048 (100%),
nemeth05,160,32,5,143.491,60.601,27.004,1.27306,dense clusters: 1078 / 1078 (100%),
nemeth04,160,40,4,211.009,82.435,30.273,1.33669,dense clusters: 1055 / 1055 (100%),
nemeth03,256,64,4,389.924,88.592,28.552,1.32151,dense clusters: 1028 / 1028 (100%),
nemeth06,96,32,3,236.464,94.523,28.998,1.30489,dense clusters: 1051 / 1051 (100%),
nemeth07,96,32,3,251.024,95.674,29.07,1.30727,dense clusters: 1051 / 1051 (100%),
nemeth08,192,64,3,421.629,109.184,22.662,1.61104,dense clusters: 1041 / 1041 (100%),
nemeth09,192,64,3,427.132,110.733,22.651,1.28472,dense clusters: 1043 / 1043 (100%),
ca-AstroPh,256,64,4,223.522,50.426,99.727,28.561,dense clusters: 605 / 6319 (9.5743%),
net25,192,64,3,196.89,135.6,115.133,19.7389,dense clusters: 881 / 1216 (72.4507%),
nemeth10,96,32,3,233.735,95.939,23.042,1.31824,dense clusters: 1065 / 1065 (100%),
c-57,192,64,3,2476.57,1858.55,69.682,276.281,dense clusters: 1654 / 18698 (8.84587%),
c-55,96,32,3,201.273,91.244,84.863,19.3971,dense clusters: 1 / 13577 (0.0073654%),
mycielskian12,224,56,4,70.981,119.037,65.824,15.3854,dense clusters: 323 / 323 (100%),
nemeth11,96,24,4,148.937,70.168,23.917,1.44145,dense clusters: 1062 / 1062 (100%),
sd2010,96,32,3,354.24,163.38,140.765,3.91884,dense clusters: 40 / 20230 (0.197726%),
cz40948,224,56,4,266.658,74.819,85.396,1.71688,dense clusters: 12998 / 15454 (84.1077%),
g7jac120sc,160,40,4,280.406,70.332,57.778,4.79994,dense clusters: 958 / 17585 (5.44782%),
g7jac120,160,40,4,283.888,76.865,77.518,4.75383,dense clusters: 958 / 17585 (5.44782%),
nv2010,256,64,4,511.067,122.575,145.665,6.54492,dense clusters: 2 / 27938 (0.00715871%),
onera_dual,96,32,3,317.48,143.426,158.397,3.60537,dense clusters: 252 / 19251 (1.30902%),
email-EuAll,192,64,3,70814.0,6065.0,86.744,68.209,dense clusters: 1069 / 47879 (2.23271%),
cit-HepPh,96,16,6,153.758,28.755,124.227,10.7724,dense clusters: 615 / 25921 (2.37259%),
ted_A,192,64,3,339.147,63.456,34.337,6.37767,dense clusters: 0 / 4997 (0%),
ted_A_unscaled,128,32,4,149.372,37.473,36.148,6.57048,dense clusters: 0 / 5011 (0%),
ncvxqp5,96,16,6,131.801,26.81,183.516,6.42512,dense clusters: 0 / 57907 (0%),
OPF_10000,160,40,4,284.422,79.119,58.831,2.25785,dense clusters: 0 / 7344 (0%),
wy2010,256,64,4,515.103,121.8,150.418,5.1594,dense clusters: 2 / 29000 (0.00689655%),
loc-Brightkite,96,16,6,198.752,42.221,187.857,50.3468,dense clusters: 1099 / 45518 (2.41443%),
helm3d01,192,64,3,253.734,205.777,106.443,6.61752,dense clusters: 0 / 3782 (0%),
bcsstk17,256,64,4,237.02,68.821,33.53,2.85261,dense clusters: 953 / 1611 (59.1558%),
FEM_3D_thermal1,224,56,4,139.438,86.871,77.954,2.91407,dense clusters: 547 / 2104 (25.9981%),
GT01R,192,64,3,231.424,95.626,32.219,3.33936,dense clusters: 6 / 905 (0.662983%),
c-63,96,32,3,245.048,122.782,94.452,24.0928,dense clusters: 1 / 17805 (0.0056164%),
cont-201,96,32,3,282.63,113.305,146.183,3.62554,dense clusters: 0 / 22198 (0%),
TEM27623,192,48,4,163.44,125.353,103.613,5.74803,dense clusters: 46 / 3654 (1.25889%),
rajat15,192,64,3,350.975,197.663,89.968,37.3552,dense clusters: 13 / 7281 (0.178547%),
c-66b,192,64,3,1448.63,520.504,87.497,64.8319,dense clusters: 42 / 19001 (0.221041%),
c-66,96,32,3,883.747,444.33,84.224,67.711,dense clusters: 45 / 20438 (0.220178%),
nemeth12,256,64,4,368.718,100.49,25.215,1.53484,dense clusters: 1016 / 1016 (100%),
ex40,224,56,4,119.297,48.239,47.114,3.88243,dense clusters: 1056 / 1066 (99.0619%),
tandem_dual,256,64,4,530.323,91.076,173.213,4.42772,dense clusters: 1740 / 39761 (4.37615%),
af23560,96,32,3,148.543,59.759,102.783,2.52631,dense clusters: 129 / 3272 (3.94254%),
epb3,96,32,3,368.815,235.018,112.797,2.48163,dense clusters: 0 / 10354 (0%),
wathen100,160,32,5,140.584,95.276,74.04,2.61881,dense clusters: 0 / 3877 (0%),
nemeth13,192,32,6,140.904,58.103,30.547,1.68505,dense clusters: 1047 / 1047 (100%),
rajat16,192,64,3,1470.8,1241.65,139.047,1086.37,dense clusters: 5567 / 15223 (36.5697%),
rajat18,256,64,4,1126.75,780.36,109.753,978.03,dense clusters: 8952 / 23434 (38.2009%),
rajat17,96,24,4,374.579,230.375,185.43,703.801,dense clusters: 10899 / 33436 (32.5966%),
c-59,160,40,4,224.119,71.375,105.097,25.426,dense clusters: 1 / 20595 (0.00485555%),
vsp_c-60_data_cti_cs4,192,64,3,588.653,224.695,133.499,14.9773,dense clusters: 113 / 26147 (0.432172%),
2D_54019_highK,96,16,6,199.604,41.598,153.039,5.26018,dense clusters: 38 / 15728 (0.241607%),
g7jac140,256,64,4,454.765,105.326,90.08,6.94802,dense clusters: 962 / 17515 (5.49244%),
g7jac140sc,256,64,4,461.534,104.693,89.767,6.90925,dense clusters: 962 / 17515 (5.49244%),
lung2,192,64,3,803.18,224.593,79.077,2.38273,dense clusters: 296 / 12264 (2.41357%),
nemeth14,128,32,4,230.259,93.795,29.246,1.95458,dense clusters: 1066 / 1066 (100%),
fxm4_6_id_1381,96,24,4,367.437,87.588,46.973,3.77147,dense clusters: 763 / 3254 (23.4481%),
std1_Jac2_db,160,32,5,372.012,95.088,52.471,4.31809,dense clusters: 12760 / 16212 (78.7071%),
ncvxqp3,96,16,6,148.197,32.245,192.387,7.72526,dense clusters: 0 / 71726 (0%),
soc-Epinions1,192,32,6,1873.95,184.727,206.865,65.2884,dense clusters: 1893 / 40996 (4.61752%),
t3dl_a,160,32,5,100.435,87.082,102.9,5.92062,dense clusters: 0 / 2821 (0%),
t3dl,96,32,3,155.609,138.532,96.067,5.78258,dense clusters: 0 / 2299 (0%),
gridgena,192,64,3,402.211,183.351,90.266,3.11611,dense clusters: 0 / 6950 (0%),
hcircuit,192,64,3,1102.0,370.067,90.577,9.80749,dense clusters: 1054 / 16333 (6.45319%),
soc-sign-Slashdot081106,192,32,6,3316.13,303.453,203.677,41.7315,dense clusters: 2107 / 38591 (5.45982%),
c-67,192,64,3,2449.72,1949.81,116.255,57.1034,dense clusters: 1 / 23063 (0.00433595%),
c-67b,192,64,3,2606.94,1931.59,101.975,51.4383,dense clusters: 1 / 23063 (0.00433595%),
std1_Jac3_db,192,32,6,374.396,108.61,52.56,5.3972,dense clusters: 12672 / 16165 (78.3916%),
ibm_matrix_2,160,32,5,342.699,31.961,165.723,26.1214,dense clusters: 1 / 16418 (0.00609088%),
3D_51448_3D,96,24,4,258.919,43.952,167.764,27.1449,dense clusters: 1 / 14274 (0.00700574%),
nemeth15,32,8,4,82.391,57.565,26.415,2.35209,dense clusters: 1124 / 1124 (100%),
psmigr_2,96,32,3,86.054,131.71,113.847,36.6932,dense clusters: 523 / 523 (100%),
apache1,160,32,5,288.301,32.148,204.938,4.53169,dense clusters: 0 / 78541 (0%),
psmigr_3,192,48,4,42.164,77.465,120.911,43.2035,dense clusters: 847 / 847 (100%),
psmigr_1,192,48,4,41.642,76.323,120.842,42.659,dense clusters: 847 / 847 (100%),
ford2,96,32,3,452.855,215.192,149.797,3.87101,dense clusters: 1671 / 16834 (9.92634%),
soc-sign-Slashdot090216,96,16,6,1855.69,310.016,235.929,43.2812,dense clusters: 2030 / 40346 (5.03148%),
soc-sign-Slashdot090221,96,16,6,1871.58,306.731,214.084,47.773,dense clusters: 2030 / 40469 (5.01619%),
sinc15,192,32,6,387.886,73.14,104.194,25.9403,dense clusters: 1774 / 2198 (80.7097%),
c-58,96,32,3,399.081,118.355,98.347,68.0918,dense clusters: 149 / 13962 (1.06718%),
e40r0100,160,40,4,246.206,104.636,56.625,3.2855,dense clusters: 542 / 2013 (26.925%),
rail_79841,192,64,3,569.148,315.773,120.192,3.38094,dense clusters: 448 / 9625 (4.65455%),
Trefethen_20000b,192,32,6,85.213,7.524,235.776,17.4139,dense clusters: 0 / 19978 (0%),
Trefethen_20000,96,16,6,49.159,7.588,230.252,16.5119,dense clusters: 0 / 19990 (0%),
rajat23,224,56,4,707.479,279.347,145.658,50.4938,dense clusters: 1670 / 27738 (6.02062%),
stokes128,96,16,6,108.814,21.254,227.083,6.07054,dense clusters: 0 / 44332 (0%),
c-62ghs,256,64,4,312.366,78.349,121.849,54.8084,dense clusters: 7 / 18856 (0.0371235%),
c-62,256,64,4,314.339,77.173,119.658,52.0962,dense clusters: 7 / 18856 (0.0371235%),
cage11,32,8,4,49.627,15.999,246.322,13.8361,dense clusters: 0 / 36010 (0%),
k1_san,256,64,4,443.848,250.011,146.19,6.56271,dense clusters: 0 / 7944 (0%),
patents_main,192,32,6,4880.57,447.058,205.004,7.14197,dense clusters: 13934 / 145795 (9.55726%),
Goodwin_040,96,24,4,154.072,111.355,58.175,3.35517,dense clusters: 694 / 2730 (25.4212%),
g7jac160,256,64,4,520.375,122.199,104.413,7.99136,dense clusters: 1094 / 19977 (5.4763%),
g7jac160sc,256,64,4,508.856,124.256,103.199,8.10478,dense clusters: 1094 / 19977 (5.4763%),
wathen120,192,32,6,164.223,90.167,89.628,2.72717,dense clusters: 0 / 5838 (0%),
c-68,96,32,3,382.834,199.815,128.427,24.5019,dense clusters: 1 / 24852 (0.00402382%),
ut2010,192,64,3,906.873,419.041,178.349,8.92665,dense clusters: 4 / 18857 (0.0212123%),
thermal1,224,56,4,471.11,255.675,135.444,4.0874,dense clusters: 256 / 10398 (2.46201%),
ncvxqp7,96,16,6,184.234,36.951,224.282,10.9409,dense clusters: 0 / 85004 (0%),
ASIC_100ks,160,40,4,495.532,135.224,134.291,10.3363,dense clusters: 1225 / 24026 (5.09864%),
crystm03,224,56,4,187.863,114.014,101.382,5.84972,dense clusters: 0 / 2906 (0%),
nemeth16,192,32,6,187.739,76.559,35.878,2.5399,dense clusters: 1050 / 1050 (100%),
bcsstk33,256,64,4,200.929,66.653,45.234,4.61347,dense clusters: 808 / 865 (93.4104%),
LeGresley_87936,192,64,3,915.497,245.128,89.884,3.65651,dense clusters: 1512 / 13599 (11.1185%),
sx-askubuntu,192,32,6,5141.38,559.962,235.276,197.561,dense clusters: 23008 / 88668 (25.9485%),
finan512,160,40,4,335.836,136.904,171.618,9.91855,dense clusters: 2771 / 17221 (16.0908%),
pfinan512,224,56,4,401.289,160.481,163.82,9.12716,dense clusters: 2211 / 14259 (15.506%),
vsp_bump2_e18_aa01_model1_crew1,192,64,3,709.742,423.6,227.78,88.1033,dense clusters: 17 / 16797 (0.101209%),
rajat20,160,40,4,454.331,213.97,167.682,1128.19,dense clusters: 8050 / 24050 (33.4719%),
rajat25,192,64,3,1215.68,956.699,137.356,1023.98,dense clusters: 5238 / 14063 (37.2467%),
rajat28,192,64,3,1220.8,953.353,137.655,1021.55,dense clusters: 5238 / 14063 (37.2467%),
TSOPF_FS_b162_c1,96,32,3,321.963,115.932,48.599,51.1295,dense clusters: 701 / 3319 (21.1208%),
TSOPF_RS_b162_c3,192,64,3,809.197,158.419,49.867,3.1214,dense clusters: 33 / 2998 (1.10073%),
k49_norm_10NN,192,32,6,146.965,17.168,251.299,25.8796,dense clusters: 1 / 36590 (0.00273299%),
bcsstk29,64,16,4,127.165,49.815,43.929,2.94602,dense clusters: 109 / 1485 (7.34007%),
c-69,96,32,3,396.24,199.254,136.536,41.89,dense clusters: 1 / 26809 (0.00373009%),
nd2010,192,64,3,855.108,375.93,197.9,6.40469,dense clusters: 6 / 22176 (0.0270563%),
nemeth17,160,32,5,247.739,91.751,37.127,2.75538,dense clusters: 1058 / 1058 (100%),
mt2010,96,32,3,574.071,298.187,237.563,7.47988,dense clusters: 15 / 30393 (0.0493535%),
blockqp1,192,64,3,2913.75,820.569,90.62,2520.46,dense clusters: 13194 / 13194 (100%),
g7jac180sc,160,40,4,438.232,118.456,123.908,9.35526,dense clusters: 1397 / 26279 (5.31603%),
g7jac180,224,56,4,504.963,131.609,121.979,9.42318,dense clusters: 1260 / 23401 (5.38439%),
c-70,192,48,4,456.845,149.658,156.263,40.7177,dense clusters: 1 / 32773 (0.00305129%),
wv2010,192,64,3,1003.21,468.72,212.411,7.63631,dense clusters: 0 / 22596 (0%),
Zd_Jac6_db,192,32,6,380.632,114.612,68.979,6.40528,dense clusters: 11994 / 16006 (74.9344%),
Zd_Jac2_db,192,48,4,783.492,185.464,63.021,7.56476,dense clusters: 11682 / 15010 (77.8281%),
cbuckle,128,32,4,287.896,67.604,41.408,2.34573,dense clusters: 1057 / 1220 (86.6393%),
ex3sta1_id_1379,128,32,4,460.964,108.676,89.101,12.543,dense clusters: 26 / 2539 (1.02403%),
heart2,96,32,3,400.483,127.762,35.651,9.71723,dense clusters: 286 / 286 (100%),
heart3,96,24,4,251.894,76.031,38.261,9.70359,dense clusters: 288 / 288 (100%),
TSOPF_RS_b39_c19,192,64,3,994.556,350.941,78.709,3.48783,dense clusters: 11 / 7036 (0.156339%),
rgg_n_2_16_s0,224,56,4,469.709,177.024,119.25,4.02374,dense clusters: 0 / 12200 (0%),
nemeth18,192,32,6,217.226,85.547,41.158,3.17006,dense clusters: 1018 / 1018 (100%),
md2010,192,64,3,1048.42,475.269,223.328,7.95057,dense clusters: 4 / 24373 (0.0164116%),
c-72,96,24,4,279.15,115.284,185.363,48.7348,dense clusters: 1 / 45680 (0.00218914%),
c-64b,224,56,4,3070.53,2045.76,124.152,280.765,dense clusters: 1237 / 27029 (4.57657%),
c-64,192,48,4,2932.17,1812.87,120.368,275.714,dense clusters: 1241 / 27242 (4.55547%),
thermomech_TC,192,64,3,799.54,454.666,185.237,6.11782,dense clusters: 0 / 11420 (0%),
thermomech_TK,256,64,4,688.953,362.34,166.597,5.28872,dense clusters: 0 / 12323 (0%),
Zd_Jac3_db,96,32,3,833.418,260.397,64.935,7.46951,dense clusters: 11546 / 14455 (79.8755%),
cyl6,160,40,4,389.985,83.319,49.144,2.59168,dense clusters: 1070 / 1229 (87.0627%),
Pres_Poisson,64,16,4,119.665,77.383,69.776,3.80402,dense clusters: 640 / 1757 (36.4257%),
g7jac200,192,48,4,502.781,140.016,135.094,10.9314,dense clusters: 1459 / 27492 (5.307%),
g7jac200sc,192,48,4,542.276,142.122,138.35,11.0799,dense clusters: 1459 / 27492 (5.307%),
nemeth01,192,32,6,224.093,88.946,46.887,2.68033,dense clusters: 1081 / 1081 (100%),
pf2177_id_1394,192,64,3,229.729,186.487,219.63,63.5903,dense clusters: 1175 / 1175 (100%),
G2_circuit,160,32,5,549.352,67.884,273.464,5.77488,dense clusters: 65 / 136455 (0.0476348%),
id2010,192,64,3,1105.62,532.052,226.43,9.33533,dense clusters: 2 / 25131 (0.0079583%),
TSOPF_FS_b39_c7,192,64,3,852.978,327.419,55.685,152.386,dense clusters: 1806 / 5101 (35.4048%),
brack2,192,64,3,436.459,352.371,217.382,8.8335,dense clusters: 0 / 7955 (0%),
Si5H12,96,32,3,185.611,110.697,284.582,32.4846,dense clusters: 23 / 4743 (0.484925%),
olesnik0,224,56,4,524.676,324.742,215.848,8.41944,dense clusters: 0 / 10366 (0%),
lhr34,64,16,4,319.142,85.614,112.132,6.49743,dense clusters: 103 / 20608 (0.499806%),
Baumann,64,16,4,196.807,50.21,345.025,5.57058,dense clusters: 0 / 103247 (0%),
trans5,192,48,4,1856.92,1969.74,155.462,9391.84,dense clusters: 16670 / 18916 (88.1265%),
trans4,96,32,3,2478.7,2709.95,152.165,9307.23,dense clusters: 14177 / 16235 (87.3237%),
copter2_id_1230,224,56,4,320.905,235.864,196.782,9.31652,dense clusters: 0 / 8661 (0%),
copter2_id_1256,192,64,3,491.041,376.229,181.105,8.90715,dense clusters: 0 / 6400 (0%),
Andrews,192,64,3,395.632,225.7,247.38,19.0344,dense clusters: 0 / 10601 (0%),
HTC_336_9129,192,48,4,1254.75,376.962,251.357,87.9385,dense clusters: 4 / 93292 (0.00428761%),
lhr34c,160,32,5,578.471,79.204,95.549,5.96941,dense clusters: 108 / 22158 (0.487409%),
dc1,160,40,4,1643.6,1796.62,161.47,9538.81,dense clusters: 17897 / 20224 (88.4939%),
dc2,96,32,3,2484.08,2683.17,152.518,9498.75,dense clusters: 14177 / 16235 (87.3237%),
dc3,192,64,3,4459.42,4158.25,150.282,9318.86,dense clusters: 13303 / 14694 (90.5336%),
bundle1,96,32,3,2119.54,1390.25,41.061,31.5592,dense clusters: 1064 / 1122 (94.8307%),
ma2010,192,64,3,1057.18,515.102,247.1,10.3875,dense clusters: 5 / 26253 (0.0190454%),
vsp_mod2_pgp2_slptsk,96,32,3,650.642,336.024,275.722,82.7674,dense clusters: 25 / 36023 (0.0694001%),
HTC_336_4438,256,64,4,1699.02,373.645,246.558,98.3354,dense clusters: 5 / 86990 (0.00574779%),
delaunay_n17,96,32,3,484.985,257.697,252.06,8.72579,dense clusters: 24 / 29363 (0.0817355%),
ky2010,192,64,3,1097.64,522.912,255.9,9.90317,dense clusters: 70 / 27264 (0.256749%),
m133-b3,160,32,5,768.13,92.981,330.743,8.32479,dense clusters: 0 / 198138 (0%),
shar_te2-b3,192,32,6,817.78,103.345,330.312,8.1532,dense clusters: 0 / 199889 (0%),
windtunnel_evap3d,256,64,4,819.229,413.873,420.092,49.3302,dense clusters: 0 / 4542 (0%),
power197k,192,64,3,3716.84,1064.94,480.438,70.352,dense clusters: 11380 / 65363 (17.4105%),
pkustk02,224,56,4,695.929,121.84,48.866,5.37109,dense clusters: 506 / 1174 (43.1005%),
TSOPF_RS_b162_c4,96,32,3,615.662,171.799,67.689,5.69513,dense clusters: 33 / 6847 (0.481963%),
nemeth19,192,64,3,891.285,215.933,42.689,4.57122,dense clusters: 1011 / 1011 (100%),
fe_ocean,192,32,6,551.402,61.878,318.146,6.70276,dense clusters: 0 / 141049 (0%),
TSC_OPF_300,32,8,4,134.55,59.941,59.296,32.2479,dense clusters: 589 / 1554 (37.9022%),
nj2010,192,64,3,1113.36,497.611,210.207,8.61824,dense clusters: 3 / 27424 (0.0109393%),
nm2010,192,64,3,1198.28,571.77,261.885,9.44834,dense clusters: 1 / 27810 (0.00359583%),
fp,256,64,4,510.609,396.981,70.485,27.2025,dense clusters: 782 / 827 (94.5586%),
ms2010,96,32,3,692.101,354.601,308.291,8.9067,dense clusters: 2 / 40393 (0.00495135%),
soc-sign-epinions,64,16,4,2234.38,494.715,299.951,158.089,dense clusters: 4170 / 57936 (7.1976%),
ss1,160,32,5,775.584,100.359,348.403,8.72431,dense clusters: 95967 / 201773 (47.5619%),
ch7-8-b5,64,16,4,244.809,63.739,328.632,13.8278,dense clusters: 0 / 139229 (0%),
c-71,256,64,4,557.443,147.16,196.851,77.2964,dense clusters: 1 / 34227 (0.00292167%),
vsp_vibrobox_scagr7-2c_rlfddd,64,16,4,433.51,302.666,249.296,116.799,dense clusters: 23 / 21756 (0.105718%),
sme3Da,128,32,4,216.261,99.326,85.899,12.8307,dense clusters: 0 / 1432 (0%),
Si10H16,192,64,3,724.156,180.918,218.408,41.1844,dense clusters: 400 / 2503 (15.9808%),
sc2010,96,32,3,736.463,389.278,336.372,10.0605,dense clusters: 5 / 42209 (0.0118458%),
matrix-new_3,192,64,3,1927.64,546.574,317.934,84.6798,dense clusters: 572 / 16715 (3.42208%),
tube2,192,64,3,816.292,230.312,56.439,3.67072,dense clusters: 289 / 1912 (15.1151%),
tube1,192,64,3,852.545,241.644,85.101,2.41137,dense clusters: 102 / 1927 (5.2932%),
ar2010,128,32,4,794.932,178.511,354.625,13.8101,dense clusters: 8 / 96610 (0.00828072%),
fe_tooth,192,64,3,544.412,437.299,268.685,11.1623,dense clusters: 0 / 10039 (0%),
soc-Slashdot0811,96,16,6,161.302,35.274,424.282,207.839,dense clusters: 7746 / 73343 (10.5613%),
ne2010,192,64,3,1300.56,541.468,275.053,8.86309,dense clusters: 43 / 31479 (0.136599%),
sx-superuser,32,8,4,1515.79,669.626,375.662,342.901,dense clusters: 25903 / 110753 (23.3881%),
NotreDame_www,192,64,3,39891.2,5281.07,195.319,7.24463,dense clusters: 4030 / 57287 (7.03475%),
ASIC_100k,192,64,3,3335.39,2584.04,166.668,7534.24,dense clusters: 11448 / 11451 (99.9738%),
net50,192,64,3,832.867,273.707,282.361,65.7126,dense clusters: 1254 / 2327 (53.8891%),
wa2010,192,64,3,1507.14,638.307,311.142,13.5169,dense clusters: 5 / 32014 (0.0156182%),
soc-Slashdot0902,192,32,6,542.051,66.367,437.071,213.833,dense clusters: 7511 / 72333 (10.3839%),
sinc18,192,64,3,1479.28,171.011,153.275,63.3562,dense clusters: 1876 / 2307 (81.3177%),
scircuit,96,32,3,798.281,391.762,276.883,12.4828,dense clusters: 296 / 32443 (0.912369%),
crplat2,192,64,3,763.196,225.599,56.577,4.97918,dense clusters: 68 / 1575 (4.31746%),
transient,192,32,6,738.705,108.658,321.612,4976.12,dense clusters: 33468 / 100942 (33.1557%),
pcrystk02,128,32,4,182.508,71.923,83.111,7.31497,dense clusters: 1225 / 1394 (87.8766%),
crystk02,160,32,5,147.267,48.882,92.246,7.63578,dense clusters: 1332 / 1511 (88.1535%),
nemeth20,192,48,4,645.849,195.24,52.108,6.61628,dense clusters: 1039 / 1039 (100%),
co2010,192,64,3,1587.64,683.711,301.701,11.436,dense clusters: 24 / 32953 (0.072831%),
pkustk01,96,16,6,173.948,35.44,78.927,6.5335,dense clusters: 470 / 3101 (15.1564%),
or2010,192,64,3,1498.8,679.043,304.944,11.3696,dense clusters: 2 / 32552 (0.00614402%),
la2010,192,64,3,2101.76,692.96,307.944,10.9114,dense clusters: 30 / 33688 (0.0890525%),
cont-300,96,24,4,469.15,95.257,351.664,6.44197,dense clusters: 0 / 145436 (0%),
preferentialAttachment,96,16,6,200.431,44.892,451.06,83.6648,dense clusters: 10 / 99995 (0.0100005%),
smallworld,96,24,4,281.323,118.701,305.699,15.2299,dense clusters: 0 / 40576 (0%),
G_n_pin_pout,192,32,6,386.003,47.565,456.531,25.8237,dense clusters: 0 / 99983 (0%),
dawson5,160,32,5,244.909,156.533,167.817,7.14474,dense clusters: 4363 / 7671 (56.8765%),
mosfet2,192,64,3,707.345,375.68,233.036,22.0993,dense clusters: 4 / 5157 (0.0775645%),
rim,224,56,4,468.818,198.676,99.169,6.62069,dense clusters: 2333 / 3018 (77.3028%),
olafu,256,64,4,491.629,158.027,69.511,5.43876,dense clusters: 1004 / 1404 (71.51%),
gyro,224,56,4,507.689,163.029,82.143,9.56585,dense clusters: 981 / 1964 (49.9491%),
gyro_k,224,56,4,509.533,162.678,82.387,9.2325,dense clusters: 981 / 1964 (49.9491%),
ia2010,96,32,3,894.756,437.522,359.947,10.3785,dense clusters: 10 / 49101 (0.0203662%),
Dubcova2,192,64,3,837.453,375.253,151.024,8.80001,dense clusters: 0 / 7423 (0%),
Goodwin_054,160,32,5,276.581,192.964,113.3,7.27494,dense clusters: 870 / 4852 (17.9308%),
torso2,160,32,5,466.676,183.032,249.692,6.70307,dense clusters: 530 / 29894 (1.77293%),
case39,224,56,4,667.325,227.255,124.565,277.476,dense clusters: 2711 / 15868 (17.0847%),
TSOPF_RS_b39_c30,192,64,3,1587.23,537.76,122.297,7.71129,dense clusters: 12 / 12385 (0.0968914%),
ex11,128,32,4,198.027,93.32,108.909,8.20687,dense clusters: 1581 / 1838 (86.0174%),
vsp_finan512_scagr7-2c_rlfddd,192,64,3,3055.73,1788.04,292.545,84.7282,dense clusters: 386 / 24684 (1.56377%),
ks2010,96,24,4,618.639,182.001,500.193,11.3205,dense clusters: 5 / 147386 (0.00339245%),
viscorocks,192,64,3,911.618,343.7,118.056,6.05078,dense clusters: 3996 / 4566 (87.5164%),
bcsstk37,96,24,4,309.303,118.606,81.483,6.70648,dense clusters: 727 / 2659 (27.3411%),
msc23052,192,64,3,990.752,315.361,81.042,4.6138,dense clusters: 0 / 2101 (0%),
bcsstk36,192,32,6,301.154,59.27,85.143,5.34191,dense clusters: 796 / 2678 (29.7237%),
denormal,192,64,3,798.146,520.224,225.85,7.64296,dense clusters: 0 / 10252 (0%),
struct3,128,32,4,378.234,182.304,137.577,6.94156,dense clusters: 0 / 6677 (0%),
nemeth21,64,16,4,335.158,180.889,62.64,6.30941,dense clusters: 1046 / 1046 (100%),
xenon1,64,16,4,241.313,126.916,162.701,8.18732,dense clusters: 1166 / 8000 (14.575%),
bcsstk31,160,40,4,471.362,182.952,126.203,8.48527,dense clusters: 138 / 4155 (3.3213%),
tn2010,192,64,3,1819.74,803.936,380.173,15.1259,dense clusters: 15 / 39722 (0.0377624%),
az2010,192,64,3,2034.87,888.943,380.322,14.8397,dense clusters: 1 / 40026 (0.00249838%),
matrix_9,256,64,4,1389.99,131.511,332.253,33.3856,dense clusters: 0 / 24509 (0%),
twotone,192,48,4,775.654,282.424,309.587,24.9887,dense clusters: 15199 / 32619 (46.5955%),
Linux_call_graph,192,64,3,32814.6,13742.0,307.222,8.11079,dense clusters: 3147 / 58295 (5.3984%),
wi2010,256,64,4,1640.64,371.239,464.109,13.8468,dense clusters: 57 / 91361 (0.0623899%),
boyd1,64,16,4,4893.3,4301.94,156.113,9473.95,dense clusters: 11232 / 11239 (99.9377%),
li,192,64,3,452.148,319.825,191.457,21.8671,dense clusters: 1598 / 2407 (66.3897%),
language,224,56,4,2324.49,458.237,443.492,13.2865,dense clusters: 2 / 205953 (0.000971095%),
caidaRouterLevel,224,56,4,2724.51,579.726,368.136,59.6756,dense clusters: 472 / 72379 (0.652123%),
mn2010,192,64,3,1903.83,870.5,402.875,12.7664,dense clusters: 26 / 43068 (0.0603696%),
mycielskian13,224,56,4,150.336,386.122,206.557,77.6724,dense clusters: 647 / 647 (100%),
msc10848,32,8,4,105.966,63.846,96.615,16.7707,dense clusters: 1 / 1272 (0.0786164%),
al2010,192,64,3,1918.71,853.312,398.315,13.6387,dense clusters: 1 / 42328 (0.0023625%),
amazon0302,192,64,3,2976.01,1163.81,318.122,12.2312,dense clusters: 43 / 51629 (0.0832865%),
std1_Jac2,256,64,4,386.397,157.315,147.757,26.4744,dense clusters: 1095 / 10612 (10.3185%),
mac_econ_fwd500,96,24,4,602.691,189.384,492.824,13.9336,dense clusters: 647 / 131731 (0.491152%),
ok2010,96,32,3,1130.57,620.613,434.452,13.6794,dense clusters: 4 / 62389 (0.00641139%),
c-73b,96,16,6,628.716,427.168,426.804,2364.02,dense clusters: 17649 / 135198 (13.0542%),
c-73,96,16,6,645.267,422.859,416.062,2708.31,dense clusters: 17649 / 135198 (13.0542%),
in2010,192,64,3,1922.12,875.471,452.868,12.7345,dense clusters: 19 / 43043 (0.0441419%),
Raj1,96,16,6,563.857,158.687,453.42,2661.12,dense clusters: 20871 / 190952 (10.93%),
ASIC_320ks,192,48,4,1747.9,675.763,488.836,36.2816,dense clusters: 7140 / 78141 (9.13733%),
raefsky4,192,48,4,364.683,140.241,121.037,10.2729,dense clusters: 1140 / 1993 (57.2002%),
SiO,192,64,3,261.285,286.381,426.042,67.9677,dense clusters: 0 / 5074 (0%),
fe_rotor,192,64,3,726.551,500.948,332.923,18.6624,dense clusters: 0 / 12501 (0%),
hvdc2,192,64,3,2376.21,557.033,207.265,7.1156,dense clusters: 3557 / 25922 (13.7219%),
pli,224,56,4,235.587,197.833,198.102,21.7641,dense clusters: 1617 / 2513 (64.3454%),
nemeth22,192,64,3,1464.57,389.089,74.109,7.57999,dense clusters: 1006 / 1006 (100%),
heart1,96,24,4,376.01,152.491,92.499,26.5728,dense clusters: 430 / 430 (100%),
va2010,192,64,3,2121.42,1008.69,460.671,16.4354,dense clusters: 71 / 48078 (0.147677%),
nc2010,192,64,3,2062.92,982.984,454.239,14.5624,dense clusters: 27 / 48167 (0.056055%),
ga2010,96,32,3,1279.12,661.809,475.888,15.0211,dense clusters: 33 / 68835 (0.0479407%),
thermomech_dM,256,64,4,1486.6,826.884,332.757,11.4356,dense clusters: 0 / 24454 (0%),
imagesensor,256,64,4,858.827,178.565,411.451,18.5775,dense clusters: 10 / 22052 (0.0453474%),
bcsstk35,96,32,3,710.603,286.074,92.093,7.40423,dense clusters: 1301 / 2770 (46.9675%),
std1_Jac3,256,64,4,480.039,213.921,165.845,30.7751,dense clusters: 1211 / 10543 (11.4863%),
rgg_n_2_17_s0,256,64,4,1145.73,446.498,265.137,7.91106,dense clusters: 0 / 22581 (0%),
TSOPF_RS_b300_c1,192,64,3,2374.55,308.764,101.352,9.29387,dense clusters: 7 / 2515 (0.27833%),
598a,192,64,3,829.605,825.935,399.14,20.4355,dense clusters: 0 / 13256 (0%),
raefsky3,256,64,4,918.982,100.953,92.961,7.32937,dense clusters: 0 / 2650 (0%),
net75,96,32,3,464.305,412.966,450.703,124.798,dense clusters: 1725 / 3849 (44.8168%),
lhr71,192,48,4,1720.81,240.832,188.001,10.2116,dense clusters: 153 / 30388 (0.503488%),
web-NotreDame,192,64,3,43393.6,5216.28,268.724,23.3346,dense clusters: 3734 / 57223 (6.52535%),
nemeth24,192,48,4,876.065,315.676,75.842,12.6703,dense clusters: 1016 / 1016 (100%),
nemeth23,96,32,3,876.712,360.954,75.529,13.343,dense clusters: 1012 / 1012 (100%),
nemeth25,160,40,4,770.482,287.633,77.127,13.5202,dense clusters: 1029 / 1029 (100%),
nemeth26,96,24,4,592.613,269.365,78.077,13.0388,dense clusters: 1021 / 1021 (100%),
lhr71c,96,16,6,588.987,143.87,212.172,11.4404,dense clusters: 266 / 50301 (0.528817%),
sparsine,192,64,3,366.151,480.481,556.828,77.2647,dense clusters: 0 / 6493 (0%),
delaunay_n18,192,64,3,1735.27,911.304,478.144,13.376,dense clusters: 3 / 40436 (0.00741913%),
mi2010,192,64,3,2338.7,1117.71,514.522,16.082,dense clusters: 46 / 54066 (0.0850812%),
pkustk09,224,56,4,995.095,244.643,117.052,6.84946,dense clusters: 813 / 3111 (26.1331%),
dblp-2010,192,64,3,6129.64,1019.23,306.994,35.9943,dense clusters: 40863 / 85573 (47.7522%),
coAuthorsCiteseer,224,56,4,2528.26,556.574,309.571,37.1193,dense clusters: 548 / 68221 (0.803272%),
nv1,192,64,3,1181.47,697.555,408.523,35.1104,dense clusters: 0 / 8240 (0%),
d_pretok,96,32,3,982.774,807.286,443.001,16.5274,dense clusters: 0 / 20349 (0%),
Zd_Jac2,192,64,3,1099.66,649.908,172.144,34.1714,dense clusters: 975 / 8165 (11.9412%),
2cubes_sphere,256,64,4,756.053,611.03,443.332,20.9141,dense clusters: 185 / 12744 (1.45166%),
mo2010,192,64,3,2474.98,1189.41,543.764,18.7162,dense clusters: 16 / 56880 (0.0281294%),
qa8fm,96,24,4,250.141,342.45,329.505,18.0473,dense clusters: 11 / 8687 (0.126626%),
qa8fk,96,24,4,250.902,341.82,330.396,18.1852,dense clusters: 11 / 8687 (0.126626%),
ns3Da,128,32,4,315.009,160.488,181.911,28.9854,dense clusters: 0 / 2279 (0%),
av41092,96,32,3,470.178,143.2,170.69,29.5058,dense clusters: 83 / 10139 (0.818621%),
turon_m,96,32,3,1112.75,840.157,458.45,17.1154,dense clusters: 0 / 21289 (0%),
ASIC_680ks,256,64,4,4492.57,1021.18,826.966,29.5133,dense clusters: 27116 / 213670 (12.6906%),
gas_sensor,96,24,4,257.998,314.395,331.756,20.4488,dense clusters: 0 / 8400 (0%),
ny2010,192,64,3,2367.18,1201.16,567.362,17.1706,dense clusters: 6 / 56645 (0.0105923%),
Zd_Jac6,192,64,3,891.623,542.831,181.198,41.731,dense clusters: 934 / 8085 (11.5523%),
venkat25,192,64,3,1829.13,471.202,167.149,7.34599,dense clusters: 1175 / 8347 (14.0769%),
venkat50,256,64,4,1429.07,349.156,165.277,7.15716,dense clusters: 1220 / 8659 (14.0894%),
venkat01,96,32,3,979.271,410.653,181.057,7.24626,dense clusters: 1189 / 8523 (13.9505%),
majorbasis,32,8,4,273.218,118.374,353.5,10.2737,dense clusters: 0 / 61508 (0%),
crashbasis,64,16,4,460.662,179.169,326.338,10.0993,dense clusters: 0 / 47618 (0%),
pcrystk03,192,64,3,846.655,352.865,190.605,14.0667,dense clusters: 1666 / 2372 (70.2361%),
crystk03,128,32,4,309.785,134.465,176.599,13.678,dense clusters: 1718 / 2524 (68.0666%),
Lin,64,16,4,472.348,120.772,754.591,16.8588,dense clusters: 0 / 231895 (0%),
oh2010,192,64,3,2491.06,1254.91,575.49,17.8967,dense clusters: 9 / 59799 (0.0150504%),
bbmat,96,32,3,1057.93,385.498,234.969,17.9265,dense clusters: 3163 / 6417 (49.2909%),
invextr1_new,192,64,3,989.928,546.105,223.715,40.9179,dense clusters: 0 / 3201 (0%),
Goodwin_071,192,48,4,926.11,468.012,192.201,12.0564,dense clusters: 1136 / 8078 (14.0629%),
TSOPF_FS_b162_c3,192,48,4,1253.52,338.128,176.246,321.089,dense clusters: 2001 / 13273 (15.0757%),
cfd1,192,64,3,924.097,702.794,361.337,21.6617,dense clusters: 426 / 7820 (5.44757%),
com-Amazon,192,64,3,3807.3,1699.85,540.94,40.7435,dense clusters: 3 / 69180 (0.00433651%),
appu,96,16,6,34.561,5.484,846.003,290.448,dense clusters: 13996 / 13997 (99.9929%),
rajat21,128,32,4,2560.49,1423.78,378.328,13562.7,dense clusters: 39498 / 136692 (28.8956%),
power9,64,16,4,363.169,133.58,507.135,32.4865,dense clusters: 0 / 39913 (0%),
loc-Gowalla,96,24,4,1098.63,498.44,798.708,1159.67,dense clusters: 611 / 122882 (0.497225%),
Zd_Jac3,192,64,3,1366.19,729.142,200.063,42.5587,dense clusters: 1105 / 8165 (13.5334%),
opt1,64,16,4,1910.13,152.836,151.911,23.12,dense clusters: 1246 / 1712 (72.7804%),
trdheim,224,56,4,2925.64,368.033,120.228,13.0367,dense clusters: 2200 / 2314 (95.0735%),
rajat24,192,64,3,6652.99,5934.97,481.337,13621.6,dense clusters: 17443 / 55147 (31.63%),
coAuthorsDBLP,160,32,5,1636.49,377.494,668.502,71.3267,dense clusters: 1141 / 157792 (0.723104%),
TSOPF_FS_b39_c19,96,16,6,318.022,109.178,339.8,1736.63,dense clusters: 7234 / 45080 (16.047%),
mixtank_new,96,32,3,531.18,383.617,230.158,47.6929,dense clusters: 0 / 3069 (0%),
